connectorID,X,Y,Z
4576606,437075.0,233859.0,138000.0
5073016,432640.0,234514.0,141120.0
5116866,438601.0,232268.0,139480.0
4397969,431378.0,232113.0,145200.0
5005632,436836.0,231750.0,142640.0
1672249,435002.0,231091.0,138600.0
9775115,430701.0,246109.0,137000.0
9940627,409238.0,237134.0,158480.0
9940568,409206.0,237158.0,158600.0
10068136,436034.0,234279.0,138320.0
9783896,435785.0,238363.0,135440.0
14212094,429210.0,241521.0,148120.0
9968720,429277.0,241371.0,148200.0
10077629,436128.0,238733.0,141720.0
9969478,428335.0,239009.0,149240.0
9972875,430529.0,239355.0,141280.0
9969710,428392.0,239179.0,149640.0
9970309,429814.0,240281.0,145160.0
9970259,429406.0,239361.0,145400.0
9972072,431493.0,240987.0,143400.0
9973471,432888.0,239728.0,142760.0
9973327,432950.0,239186.0,141600.0
9918933,432715.0,242007.0,144920.0
3716465,431939.0,237009.0,135520.0
9824522,435047.0,238883.0,139320.0
9824916,439520.0,236433.0,136680.0
9825715,439317.0,236552.0,137200.0
9826642,437460.0,237294.0,137240.0
9827106,433032.0,241661.0,139840.0
9830176,428877.0,243819.0,140480.0
9293973,431697.0,239556.0,135480.0
9293604,438805.0,234170.0,133880.0
8872424,433764.0,234300.0,150680.0
9833172,426329.0,241761.0,140920.0
9956250,416109.0,239612.0,157600.0
4474195,439214.0,232425.0,142240.0
9835072,429901.0,243194.0,139680.0
9929605,436400.0,237927.0,140960.0
9830209,427450.0,243600.0,140160.0
10025909,429724.0,241233.0,139360.0
9835143,429869.0,243005.0,138920.0
10019183,430850.0,242539.0,138880.0
9775446,426595.0,246414.0,136040.0
10190647,435711.0,236575.0,136160.0
4287193,432857.0,233569.0,152160.0
10191149,433086.0,233582.0,152360.0
9973150,433421.0,240633.0,142360.0
9827414,429435.0,241894.0,140040.0
9974274,433472.0,239735.0,146760.0
9439365,434643.0,236227.0,135680.0
9349391,437009.0,235492.0,135160.0
9918443,433909.0,242125.0,142560.0
9918554,434558.0,241410.0,143160.0
10197188,431534.0,241936.0,141880.0
9775226,427783.0,245439.0,137160.0
9970246,429881.0,239557.0,145360.0
9216876,426085.0,234194.0,148680.0
10204126,439277.0,239006.0,137080.0
1683731,434959.0,231093.0,138280.0
9453318,431816.0,239632.0,135240.0
9917995,428513.0,245876.0,139520.0
9917871,430501.0,245898.0,137280.0
9918248,431539.0,244174.0,139920.0
9918469,434031.0,242175.0,142400.0
9099803,433296.0,234738.0,138600.0
10053845,431048.0,242646.0,139200.0
10056108,429094.0,242474.0,138720.0
10057976,441264.0,237945.0,138400.0
9918693,431934.0,242147.0,143920.0
9918544,434614.0,241521.0,143000.0
9927503,430198.0,242178.0,146000.0
4287037,426185.0,231503.0,155040.0
9974564,434037.0,240987.0,146280.0
9833465,426407.0,243067.0,141560.0
9833088,426650.0,243296.0,141240.0
9833089,426663.0,243321.0,141280.0
9833050,426072.0,243489.0,141120.0
9830066,430250.0,243786.0,140240.0
9824124,431079.0,243766.0,139560.0
9834467,427588.0,243883.0,142480.0
11149939,435141.0,239560.0,143680.0
9970818,429002.0,241196.0,143760.0
9970655,429414.0,241980.0,144320.0
9919151,429407.0,241050.0,146440.0
9940400,409035.0,235477.0,159640.0
9834470,427540.0,243908.0,142520.0
5005636,437225.0,230013.0,143640.0
11294006,433201.0,239666.0,142960.0
9918699,432510.0,241986.0,144000.0
9971873,433233.0,242090.0,146440.0
9826528,437910.0,237214.0,136880.0
10974332,431475.0,232022.0,144720.0
10974318,431312.0,232051.0,145440.0
9834809,429035.0,241379.0,140640.0
9974261,433488.0,239685.0,146520.0
9919043,430128.0,242601.0,145160.0
9918809,429693.0,243950.0,144760.0
10515176,435379.0,239904.0,140640.0
9918793,431108.0,242333.0,144880.0
15375449,408852.0,240626.0,156680.0
9968929,429645.0,240951.0,148640.0
10057991,441076.0,237889.0,138680.0
9293323,438735.0,232342.0,137680.0
9293238,436836.0,233706.0,138440.0
9293790,428509.0,235721.0,140120.0
9188408,425786.0,230434.0,155960.0
9187764,434106.0,231409.0,145160.0
9187731,434818.0,231657.0,145520.0
9187278,431380.0,233531.0,152080.0
9439273,431890.0,237815.0,136160.0
5523381,425312.0,232120.0,154240.0
4287196,433216.0,233653.0,152480.0
5073729,434668.0,236267.0,135400.0
5073662,434344.0,235591.0,137280.0
4576471,436838.0,233707.0,138360.0
4576463,437671.0,233621.0,137680.0
4474172,438622.0,232298.0,138760.0
1777992,435013.0,231286.0,139040.0
4577094,436106.0,234022.0,138840.0
1672434,435914.0,233293.0,138920.0
1672382,436755.0,232909.0,137080.0
1671939,439305.0,233767.0,136360.0
9929613,435907.0,238188.0,141160.0
9927555,429673.0,242125.0,146640.0
9927553,429682.0,242108.0,146520.0
9927466,432497.0,241997.0,144080.0
9918651,433359.0,241863.0,143560.0
9824472,435196.0,239723.0,139000.0
12930682,437264.0,240544.0,138200.0
12930884,437540.0,240775.0,137200.0
12930932,437799.0,240912.0,136600.0
12930820,437376.0,240645.0,137680.0
12930787,437368.0,240630.0,137720.0
9825198,436628.0,236914.0,135440.0
12930880,437545.0,240756.0,137240.0
12931020,437688.0,240696.0,136360.0
12930893,437540.0,240788.0,137160.0
9961670,420646.0,246291.0,149000.0
9966144,422368.0,240280.0,154600.0
10175494,433340.0,241799.0,140160.0
12933615,434596.0,242294.0,139880.0
9961679,420124.0,246708.0,148920.0
12934337,431282.0,243972.0,139120.0
12935545,439334.0,239100.0,139080.0
9974709,434772.0,241531.0,144880.0
9918456,433717.0,241946.0,143120.0
12937467,438091.0,239488.0,140840.0
12937578,439024.0,239075.0,139960.0
3652948,432472.0,233056.0,148080.0
5005465,436071.0,229361.0,140520.0
10017850,436978.0,231644.0,140240.0
12942904,437909.0,229699.0,137880.0
7601522,437238.0,230076.0,145000.0
12942398,437918.0,229707.0,137800.0
9289568,411605.0,234054.0,153520.0
9775505,426409.0,247108.0,137640.0
13904992,438862.0,232508.0,140320.0
12958033,436992.0,238293.0,142280.0
12957985,437795.0,238453.0,142080.0
12958383,434794.0,237193.0,142480.0
12958353,435396.0,237103.0,142360.0
12959214,438594.0,237266.0,143080.0
12959845,438985.0,237568.0,145960.0
12959811,439638.0,236962.0,144440.0
12961502,437499.0,238650.0,142720.0
12961762,438129.0,237378.0,140720.0
12962489,437225.0,240531.0,140320.0
12962479,437219.0,240537.0,140520.0
12938204,434491.0,242194.0,141680.0
12962812,437227.0,240517.0,140880.0
12962465,437225.0,240516.0,141200.0
5117084,434091.0,240221.0,141360.0
12963429,437288.0,240155.0,144480.0
9972483,431591.0,241916.0,141800.0
15241028,429529.0,231718.0,149920.0
9825184,437394.0,236616.0,135480.0
15177451,431796.0,239593.0,135280.0
12963471,434435.0,240076.0,140600.0
13500058,439400.0,237285.0,145400.0
1672260,435286.0,231539.0,139880.0
1672247,434934.0,231086.0,138240.0
9830173,428900.0,243669.0,140360.0
4286563,433788.0,234008.0,139360.0
13254464,430374.0,243188.0,142680.0
13254327,430968.0,242899.0,143360.0
10083212,427647.0,239986.0,143000.0
9291104,428855.0,234820.0,154680.0
9974193,433289.0,239994.0,145760.0
5521481,420447.0,234673.0,159640.0
15383792,413113.0,238029.0,151240.0
17399818,413416.0,239447.0,158880.0
9949706,412890.0,241401.0,151240.0
9968798,429017.0,240590.0,147960.0
9957003,414366.0,241642.0,157480.0
17415399,432359.0,241439.0,138920.0
17415469,432224.0,241389.0,138960.0
17415504,432048.0,241369.0,139200.0
17101829,425235.0,234530.0,149600.0
15830788,428655.0,248403.0,136240.0
5073753,434664.0,236302.0,135360.0
5073649,433880.0,235250.0,134920.0
5073636,433976.0,235126.0,135160.0
5363285,435051.0,235708.0,136280.0
1778011,436087.0,233131.0,138080.0
4286995,421048.0,233894.0,158960.0
1781567,431082.0,231986.0,142360.0
10067741,438560.0,238229.0,139520.0
4286939,424809.0,231467.0,155720.0
9952028,414980.0,239101.0,146960.0
10077838,438955.0,232134.0,144040.0
10077157,436773.0,238836.0,140720.0
9969477,428159.0,239016.0,149240.0
9975082,415987.0,240057.0,156480.0
9974927,436177.0,238841.0,144920.0
9972233,430740.0,239177.0,142680.0
9784081,435545.0,239036.0,134760.0
9971695,429236.0,244012.0,144600.0
9967186,425337.0,239809.0,147880.0
9973187,433070.0,240061.0,142360.0
9973153,433404.0,240633.0,142320.0
9965244,422613.0,241501.0,155240.0
9929609,436488.0,237622.0,141200.0
9919005,430151.0,241266.0,145360.0
10170897,435839.0,233240.0,138640.0
4577154,438493.0,235265.0,136840.0
4474182,438729.0,232419.0,139840.0
9824538,434971.0,238896.0,139640.0
1670901,428816.0,249307.0,134000.0
9827016,435064.0,240152.0,138240.0
9439472,437997.0,235100.0,135400.0
5073661,434425.0,235602.0,137160.0
5073659,434746.0,235888.0,136800.0
9436215,427672.0,229832.0,152120.0
5073658,434780.0,235915.0,136760.0
1672169,435408.0,231465.0,137880.0
9775248,427221.0,245152.0,137400.0
9973410,432925.0,239117.0,141480.0
9917928,428795.0,246051.0,138000.0
3716440,431788.0,236350.0,135240.0
3716427,431655.0,235495.0,135360.0
9834397,428671.0,243901.0,141600.0
9230739,431136.0,237480.0,139920.0
9834508,428047.0,244328.0,142120.0
10206179,438705.0,235709.0,138080.0
10077322,436370.0,237836.0,140840.0
9834451,427828.0,243954.0,142280.0
10067780,438493.0,238067.0,139160.0
9834321,428875.0,243799.0,141320.0
9974865,435717.0,239272.0,144400.0
9919134,430331.0,242157.0,145800.0
9833456,426407.0,242955.0,141400.0
9835155,430244.0,243758.0,140320.0
9827403,429663.0,243516.0,140000.0
7600768,437376.0,229805.0,144200.0
7597926,436617.0,230090.0,142560.0
7590314,436310.0,229378.0,139480.0
5005621,436733.0,230386.0,143080.0
11321100,436987.0,239983.0,142760.0
11303884,425912.0,242741.0,148200.0
10627376,407479.0,238287.0,157440.0
13538777,430999.0,241728.0,146280.0
9974896,436316.0,238802.0,145160.0
10633118,435311.0,239836.0,138760.0
9974882,436143.0,238948.0,144880.0
7646522,436974.0,231070.0,139560.0
7646494,437146.0,230643.0,139120.0
7646434,437199.0,230509.0,138880.0
7645956,437216.0,230483.0,138840.0
7645923,437381.0,230302.0,138560.0
8871716,430762.0,232945.0,138440.0
3715860,432936.0,233438.0,138200.0
5116795,437882.0,232579.0,139160.0
5116740,437772.0,232415.0,138760.0
10630598,428139.0,233428.0,149600.0
3652993,428810.0,231937.0,148280.0
3652885,430817.0,231780.0,146760.0
10195924,436342.0,236937.0,135760.0
10195493,433772.0,234404.0,145160.0
10195483,433731.0,234443.0,145280.0
10097088,438637.0,232343.0,139640.0
10190607,435871.0,236476.0,136200.0
10098222,435639.0,234818.0,137160.0
10097278,436696.0,234433.0,138800.0
10018076,439038.0,232528.0,141360.0
10033415,439141.0,233506.0,136440.0
9613616,438631.0,232304.0,139080.0
9613530,438384.0,232758.0,138320.0
10190707,435878.0,235582.0,136560.0
10190670,435920.0,236255.0,136400.0
9613467,438744.0,232330.0,137720.0
9772903,437671.0,233618.0,137720.0
9609685,431919.0,237668.0,135920.0
9609232,431697.0,236343.0,135800.0
9609181,431623.0,235471.0,135440.0
9608759,432189.0,234506.0,135800.0
9608590,432657.0,234124.0,136240.0
9612942,435088.0,235525.0,135880.0
9612022,434364.0,234588.0,135720.0
5067877,431202.0,237923.0,140040.0
5067510,430603.0,235593.0,138520.0
5067492,430480.0,235071.0,138160.0
5067487,430403.0,234564.0,138000.0
5073543,433846.0,235283.0,134800.0
5073485,435062.0,235608.0,136200.0
4287155,431160.0,236254.0,151320.0
4287153,431278.0,236132.0,151120.0
5523243,424134.0,231440.0,156400.0
5523226,423626.0,231376.0,156120.0
4286845,423464.0,232476.0,150720.0
3714162,428158.0,235782.0,139800.0
1670876,428791.0,248497.0,135480.0
12935580,439328.0,239088.0,139200.0
1683703,435863.0,231502.0,137760.0
12935567,439340.0,239095.0,139120.0
12934751,434590.0,242400.0,137680.0
12934343,434531.0,242105.0,139000.0
12930638,437248.0,240532.0,138320.0
10926665,435347.0,241461.0,142280.0
1672217,435385.0,232005.0,139400.0
11045239,428825.0,246085.0,137920.0
3715633,433295.0,234743.0,138640.0
9918665,431604.0,241056.0,143520.0
9775255,427216.0,245239.0,137200.0
9775205,427716.0,245234.0,137440.0
11293651,435415.0,239675.0,144040.0
11149956,435431.0,239654.0,144120.0
3664942,428427.0,235744.0,138680.0
10031890,433134.0,239994.0,141840.0
3664880,430238.0,234229.0,137520.0
9974639,435540.0,241182.0,146840.0
9973134,433569.0,240653.0,142480.0
9973281,433171.0,240122.0,142000.0
9974598,435262.0,241061.0,146360.0
9973270,433128.0,240120.0,142080.0
9973258,433311.0,240718.0,142200.0
9973225,433295.0,240762.0,142120.0
9973223,433293.0,240766.0,142160.0
11149354,434008.0,242165.0,142480.0
10641462,428825.0,239356.0,148520.0
10925732,429417.0,241996.0,144360.0
10620300,430072.0,243867.0,145000.0
10083425,427079.0,239935.0,143400.0
10083424,427083.0,239944.0,143360.0
10083370,428119.0,240663.0,142600.0
10083208,427633.0,239988.0,143040.0
10082943,427683.0,240678.0,143440.0
10031833,431521.0,241002.0,143440.0
10082750,428600.0,240788.0,143600.0
10082666,428488.0,240730.0,143520.0
10194699,429471.0,240779.0,146600.0
9969484,427663.0,238275.0,149160.0
9969356,429290.0,238808.0,147920.0
9969315,428951.0,239381.0,148320.0
9969095,430715.0,241135.0,149520.0
9969093,430685.0,241149.0,149480.0
9970733,429041.0,242089.0,144320.0
9970703,429429.0,241993.0,144400.0
9970670,429499.0,242018.0,144600.0
9970441,430250.0,239405.0,145120.0
9970380,429704.0,240130.0,145040.0
9969031,429870.0,241026.0,149120.0
9970199,430096.0,241012.0,145240.0
9970183,430122.0,241101.0,145320.0
9969504,428343.0,239012.0,149280.0
9968889,430430.0,240705.0,148160.0
9969490,427472.0,238691.0,149120.0
9969485,427664.0,238276.0,149120.0
9953117,429444.0,240828.0,146520.0
9952598,431992.0,242312.0,142040.0
9952596,432137.0,242372.0,142160.0
9919152,429265.0,240988.0,146200.0
9919129,430486.0,242106.0,145680.0
9918652,433351.0,241862.0,143600.0
9918649,433466.0,241873.0,143480.0
9918644,433716.0,241906.0,143320.0
5005641,437185.0,229816.0,144560.0
9948459,409722.0,245652.0,153280.0
5005625,436555.0,231267.0,142920.0
5005624,436549.0,231156.0,142960.0
10017496,430824.0,233053.0,139960.0
10017400,430816.0,232793.0,140520.0
3714203,428532.0,235739.0,139000.0
5523994,429357.0,232338.0,150640.0
5524690,428812.0,231935.0,148200.0
5524666,428703.0,231752.0,149040.0
5523981,429190.0,232666.0,150480.0
5072956,432458.0,234260.0,140880.0
3664216,431656.0,235370.0,140120.0
4385230,428330.0,234940.0,144760.0
4286825,427869.0,232291.0,150640.0
4286604,434507.0,233911.0,140200.0
4286601,434501.0,233827.0,140320.0
4286598,434504.0,233739.0,140480.0
4287141,431069.0,235843.0,150640.0
4286588,433341.0,233264.0,139360.0
4286585,433313.0,233216.0,139240.0
4287051,424495.0,233527.0,152800.0
3622271,430062.0,233881.0,138720.0
4287040,426504.0,231611.0,155240.0
4287033,425332.0,231709.0,154960.0
4287029,426009.0,229726.0,156520.0
4287004,420435.0,234618.0,159600.0
13166484,435745.0,241068.0,144440.0
10634958,422264.0,247524.0,135840.0
5114336,438996.0,233286.0,136640.0
15177781,435399.0,239890.0,140720.0
4286762,428798.0,231487.0,150320.0
13513624,435305.0,231947.0,139240.0
12958758,435604.0,238082.0,143400.0
12961135,438997.0,236206.0,144280.0
9971693,429417.0,243981.0,144640.0
9971669,429634.0,243962.0,144680.0
13254480,430392.0,243182.0,142720.0
13254411,430727.0,242917.0,143160.0
13254409,430879.0,242918.0,143240.0
13254391,430929.0,242906.0,143320.0
3503273,434999.0,231445.0,139280.0
1672306,435624.0,232301.0,140680.0
13520083,435252.0,230465.0,142400.0
1672298,435378.0,232011.0,140520.0
13254486,430386.0,243184.0,142840.0
1672211,435341.0,232021.0,139120.0
1670877,428793.0,248515.0,135440.0
9824845,438435.0,237201.0,136440.0
24110551,429432.0,241876.0,139760.0
9973876,434577.0,241001.0,145120.0
4286575,434543.0,233714.0,140520.0
4287144,430370.0,236268.0,150800.0
4287164,430827.0,236310.0,151600.0
4287161,430962.0,236743.0,151800.0
24231836,431260.0,233834.0,150760.0
24231683,432644.0,233663.0,151160.0
4287173,431583.0,233532.0,151240.0
13775532,420667.0,242841.0,148640.0
9957889,417832.0,245280.0,150880.0
3652925,431969.0,230622.0,148200.0
3714123,427604.0,235838.0,139200.0
9963505,421947.0,240554.0,151720.0
9963701,424520.0,241003.0,150640.0
9957448,418989.0,240505.0,155120.0
9965569,420668.0,238568.0,157000.0
24806916,411003.0,242307.0,151960.0
27619806,420264.0,236270.0,151800.0
27619722,419828.0,236439.0,151880.0
9963911,425022.0,241496.0,152800.0
27513135,416798.0,238768.0,157840.0
3619067,432011.0,232016.0,142880.0
27131876,431662.0,231839.0,144280.0
9833818,425171.0,242098.0,138280.0
12958269,435230.0,236935.0,142760.0
10194896,430370.0,235619.0,147200.0
10194787,430469.0,235404.0,146480.0
24883467,431300.0,235009.0,150320.0
4287214,434203.0,232940.0,153280.0
4287202,435034.0,233696.0,152360.0
24883933,431029.0,234300.0,149920.0
3652969,431107.0,234304.0,150000.0
5117081,434595.0,240178.0,140880.0
26176787,435905.0,239945.0,138800.0
5073845,435620.0,234292.0,137080.0
27236944,405525.0,243565.0,157320.0
27640920,435348.0,240675.0,140800.0
12930845,437481.0,240710.0,137440.0
27643852,427532.0,231868.0,151360.0
27147583,437309.0,230390.0,138680.0
8379300,414963.0,231904.0,150280.0
27254391,416974.0,241866.0,152120.0
27542837,425287.0,243718.0,145040.0
24961784,435358.0,237541.0,142800.0
12958266,435225.0,236956.0,142680.0
12958701,435414.0,237115.0,142240.0
9972156,430971.0,239870.0,142600.0
12961482,437501.0,238638.0,142840.0
9835229,431057.0,243218.0,137960.0
24976038,408168.0,243585.0,154440.0
9957823,418450.0,244410.0,150840.0
13491287,406519.0,243678.0,157720.0
9966516,425187.0,240487.0,148320.0
27266655,414558.0,231808.0,150960.0
25849006,428026.0,241795.0,147680.0
9929595,436786.0,238798.0,141080.0
9318371,434810.0,231640.0,145480.0
3618903,434469.0,231470.0,145280.0
12839410,427703.0,235408.0,144560.0
10200559,429561.0,233783.0,144160.0
25030572,430963.0,236622.0,148680.0
25030256,430820.0,236522.0,148200.0
25030201,430635.0,235899.0,148240.0
3652864,432210.0,231518.0,146160.0
12839447,427694.0,235486.0,144800.0
25029749,426850.0,236281.0,144720.0
25029583,425400.0,236060.0,144000.0
3665804,427324.0,236031.0,144800.0
4286632,426866.0,236353.0,144800.0
25031509,432786.0,231692.0,146120.0
9834986,428371.0,241471.0,140080.0
25067021,435077.0,239589.0,143600.0
25068357,440467.0,235802.0,136760.0
25068162,440489.0,235104.0,137000.0
9974234,432655.0,240003.0,145960.0
4286994,421032.0,233822.0,158920.0
25099106,419878.0,234999.0,160040.0
5522717,423813.0,232058.0,157760.0
4287005,420389.0,234697.0,159680.0
25105071,429354.0,232535.0,150560.0
25105594,432814.0,231147.0,147320.0
25104692,426016.0,232106.0,151760.0
25105598,432818.0,231181.0,147400.0
25104997,428902.0,232856.0,150280.0
25104989,428900.0,232861.0,150240.0
27844425,442617.0,235928.0,136320.0
27844319,441838.0,236503.0,136400.0
9824117,431310.0,243960.0,139320.0
9290377,412904.0,234042.0,153000.0
9289974,411350.0,234924.0,154000.0
9289920,411562.0,234393.0,153680.0
9289783,412840.0,233947.0,153200.0
4846582,412585.0,231150.0,149520.0
10065888,428677.0,249433.0,133400.0
9973893,433569.0,240048.0,145040.0
9436678,421799.0,232528.0,157920.0
9291102,428867.0,234866.0,154600.0
9290891,428182.0,234837.0,154480.0
9290772,428520.0,234971.0,154240.0
9290739,428013.0,235059.0,153960.0
10197759,422761.0,231179.0,157320.0
10197746,422751.0,231166.0,157280.0
10015992,420660.0,234370.0,159400.0
10617776,423565.0,236018.0,155560.0
4286764,428306.0,232870.0,150160.0
5080106,431795.0,233225.0,139640.0
25138415,431861.0,233616.0,140040.0
25138595,431173.0,234381.0,138640.0
4397881,431250.0,231995.0,145680.0
25156077,432547.0,231124.0,143360.0
25155297,431261.0,231891.0,146160.0
5520656,429999.0,234133.0,140760.0
11715499,431055.0,232419.0,141120.0
25157745,429878.0,234199.0,140520.0
15241038,429799.0,231843.0,150120.0
14956819,427718.0,232162.0,148680.0
13517275,432115.0,232071.0,142800.0
10170653,435538.0,234361.0,137200.0
10068147,434884.0,235226.0,138400.0
9611058,435234.0,232431.0,137000.0
13479402,420999.0,234025.0,159040.0
13479349,421000.0,233722.0,158800.0
13479287,421270.0,232598.0,158720.0
9607662,434893.0,235198.0,138360.0
5073989,435801.0,233983.0,137120.0
12967707,430254.0,234418.0,137840.0
12967577,432099.0,233343.0,137880.0
12967443,432103.0,233364.0,137720.0
5073978,435548.0,234449.0,137280.0
12967345,432103.0,233407.0,137680.0
25157548,429783.0,234670.0,140800.0
5073955,435468.0,234676.0,137880.0
5073880,434912.0,235151.0,138280.0
5073860,435272.0,234800.0,137960.0
12966796,432844.0,233428.0,136720.0
5073851,435557.0,234615.0,137520.0
25173140,433654.0,234296.0,136960.0
5451128,431832.0,237488.0,135800.0
11715931,430452.0,235439.0,146640.0
11715823,429693.0,234142.0,145160.0
11320600,425496.0,232161.0,151800.0
5447261,431727.0,236318.0,135720.0
9609613,431824.0,237455.0,135760.0
25105692,433195.0,231243.0,147280.0
11188220,429913.0,232685.0,142720.0
11149020,430756.0,232845.0,139160.0
9600724,427529.0,236312.0,137280.0
9436387,432726.0,229734.0,148680.0
9317983,428506.0,231757.0,149600.0
9290721,427881.0,235044.0,153760.0
9290687,427648.0,235014.0,153600.0
9290655,427417.0,234961.0,153400.0
14679267,427620.0,233619.0,152120.0
14435995,430776.0,232839.0,139040.0
25105562,432496.0,231175.0,147440.0
25102180,426019.0,232090.0,151720.0
25101375,427407.0,232610.0,151680.0
9605633,432026.0,231039.0,137120.0
8558582,432528.0,233593.0,152000.0
8526030,429582.0,233304.0,143480.0
8512573,425012.0,230950.0,154880.0
8510714,430766.0,232853.0,138920.0
5513076,413823.0,232018.0,149760.0
5506527,415097.0,231787.0,151840.0
5506524,415074.0,231784.0,151760.0
5472841,421379.0,231802.0,156920.0
5451204,430814.0,231953.0,146400.0
5112059,430813.0,231789.0,147200.0
5112032,431401.0,232143.0,145120.0
5523975,427699.0,232225.0,150760.0
5068030,430646.0,237393.0,139640.0
5067887,431199.0,237926.0,140160.0
5067731,430649.0,235595.0,138880.0
5067545,431846.0,236140.0,138440.0
5067516,431193.0,236329.0,138320.0
4396591,419853.0,235069.0,160080.0
4287224,434364.0,234836.0,150520.0
4287213,434204.0,232939.0,153240.0
5523960,427653.0,232223.0,150800.0
5523954,427204.0,232212.0,151240.0
5523830,423595.0,235985.0,155640.0
5523787,423506.0,235995.0,155280.0
5523763,423469.0,235848.0,154840.0
5523751,423483.0,235682.0,154480.0
5523701,423575.0,235520.0,154000.0
5523692,423800.0,235394.0,153760.0
5523621,424313.0,234245.0,153040.0
5523334,425273.0,231979.0,154520.0
3664192,431082.0,234534.0,139280.0
4847062,415212.0,231842.0,152080.0
4847038,415024.0,231682.0,151240.0
4286798,427994.0,234139.0,149000.0
4286789,428188.0,233778.0,149240.0
4286776,428354.0,233375.0,149960.0
4286729,422760.0,234516.0,148400.0
4286707,426107.0,233878.0,147920.0
4286704,426123.0,233871.0,148040.0
3715605,433328.0,234798.0,138080.0
4287182,431821.0,233544.0,151640.0
4287180,432985.0,233887.0,150960.0
4287170,431208.0,233452.0,149320.0
4287160,431020.0,236734.0,151760.0
3664170,431292.0,234764.0,139080.0
3664164,430588.0,235401.0,138720.0
3664143,430989.0,234094.0,138240.0
3653011,428478.0,231928.0,149840.0
3652964,431183.0,233534.0,149520.0
3715598,433315.0,234716.0,138200.0
3715490,433040.0,230136.0,137880.0
3714177,428664.0,235779.0,140320.0
3714165,428220.0,235748.0,139880.0
3665803,427499.0,235810.0,144680.0
4287133,431357.0,233700.0,150960.0
4287125,431245.0,234988.0,150160.0
3652961,431211.0,233421.0,149280.0
3652938,431545.0,232406.0,147920.0
3665791,429555.0,234166.0,144680.0
3665788,429561.0,234156.0,144600.0
3665773,429544.0,233365.0,143600.0
4287119,431236.0,235221.0,150160.0
4287113,425972.0,235498.0,153280.0
4287111,426040.0,235432.0,153240.0
4287101,428143.0,233720.0,152640.0
4287092,427485.0,234065.0,152480.0
4287085,423601.0,235985.0,155680.0
3623551,430008.0,234112.0,140640.0
4286625,429707.0,232944.0,143000.0
4286612,433347.0,233336.0,139040.0
4286609,433671.0,233764.0,139040.0
4286571,434512.0,233944.0,140080.0
4286570,434415.0,233974.0,139960.0
3715871,432958.0,234820.0,138720.0
3715689,433251.0,235114.0,139040.0
3715686,433248.0,235004.0,138960.0
3715636,432867.0,235902.0,138720.0
3618843,431232.0,231508.0,142920.0
1781601,429578.0,233697.0,144040.0
1781587,429550.0,233620.0,143920.0
1781581,429642.0,233244.0,143400.0
1781575,430013.0,232544.0,142600.0
1781555,430961.0,232500.0,140800.0
4287078,423541.0,235816.0,154680.0
4287072,423608.0,235479.0,153880.0
4287070,423835.0,235365.0,153680.0
4287068,424081.0,234950.0,153400.0
25173767,437682.0,233839.0,137200.0
25173143,433654.0,234278.0,137000.0
25173151,433546.0,234188.0,137160.0
10984762,437677.0,233694.0,137440.0
4576386,438133.0,233825.0,136760.0
4286550,432930.0,235984.0,136960.0
4286543,432857.0,235918.0,136760.0
4286539,432784.0,235691.0,136600.0
4286686,433585.0,230712.0,148880.0
4286680,434422.0,230675.0,149280.0
4286660,431423.0,232040.0,144800.0
1663862,430762.0,232953.0,138400.0
25175296,433808.0,233645.0,136560.0
4286657,426803.0,236474.0,144920.0
4286642,425616.0,236124.0,144120.0
4286639,425953.0,236143.0,144320.0
3618922,431262.0,231910.0,146120.0
9961229,419366.0,242666.0,146720.0
9948323,410223.0,244484.0,152520.0
25230457,410908.0,243027.0,153760.0
27355617,427387.0,243221.0,139920.0
25916619,428243.0,235618.0,140120.0
13072316,428423.0,243482.0,139920.0
8871354,431071.0,232378.0,141200.0
25291205,426939.0,242672.0,147480.0
25291176,426939.0,242676.0,147320.0
9918650,433425.0,241867.0,143520.0
9918524,433823.0,241022.0,142640.0
25291106,426995.0,242460.0,147120.0
25298811,435351.0,240680.0,140760.0
25300275,434570.0,242264.0,139720.0
25300921,425228.0,234058.0,149280.0
25311099,434768.0,242674.0,136040.0
25310844,434767.0,242638.0,136640.0
25310791,434665.0,242533.0,137000.0
4846994,414850.0,231645.0,150000.0
9955509,418414.0,240707.0,154800.0
9954054,417522.0,239700.0,154160.0
25340599,417177.0,242834.0,156120.0
25342249,414506.0,231447.0,149520.0
1781533,430788.0,233025.0,140080.0
17400161,412537.0,239951.0,157800.0
25351412,415955.0,240060.0,156560.0
25352040,418432.0,242245.0,151520.0
25352133,418829.0,242603.0,150640.0
13404852,417783.0,240690.0,155080.0
10480397,417791.0,241659.0,153880.0
25356113,422364.0,240332.0,153840.0
25356107,422414.0,240684.0,153720.0
25356098,422518.0,240874.0,153440.0
25356096,422500.0,240886.0,153400.0
25356111,422394.0,240636.0,153800.0
5067818,430452.0,237062.0,139320.0
25356090,422428.0,240922.0,153240.0
25356089,422428.0,240928.0,153200.0
25360524,437550.0,238038.0,142040.0
12957821,438110.0,237954.0,141360.0
12930852,437382.0,240644.0,137640.0
25414108,429681.0,245368.0,139640.0
9835226,431081.0,243256.0,138000.0
25414118,429685.0,245316.0,139520.0
25418730,437554.0,240717.0,137320.0
25418593,440919.0,238394.0,137680.0
25418345,437224.0,240525.0,139920.0
25427092,427772.0,243053.0,139440.0
9825044,438653.0,238082.0,137200.0
25427540,427376.0,242999.0,138480.0
25427384,425964.0,243091.0,138720.0
25427090,427780.0,243089.0,139480.0
25427623,427156.0,242935.0,138040.0
1672419,436124.0,233151.0,137880.0
25435134,437799.0,232470.0,138920.0
25435413,436035.0,234278.0,138240.0
25433078,437090.0,231515.0,146080.0
25435164,435842.0,233221.0,138560.0
4577052,436034.0,234270.0,138440.0
1672431,435862.0,233284.0,138760.0
5005637,437297.0,229969.0,143760.0
10898176,436675.0,234449.0,138840.0
25437857,436795.0,233408.0,138920.0
25436779,435623.0,234829.0,137200.0
4576468,437148.0,233801.0,137920.0
25438456,437377.0,231482.0,138360.0
25439587,436154.0,231631.0,137400.0
1672194,435324.0,231928.0,138760.0
25439009,436327.0,231609.0,137320.0
25438537,437651.0,231589.0,138160.0
25439808,435349.0,231768.0,138320.0
25434874,437715.0,232257.0,138600.0
1672420,435905.0,233151.0,138240.0
25441395,426939.0,242672.0,147760.0
25442438,430527.0,242117.0,145640.0
25441246,425567.0,241574.0,148640.0
25472625,435369.0,240244.0,142840.0
25472000,437054.0,239933.0,143440.0
11321094,436897.0,239997.0,142600.0
11150128,430441.0,242452.0,144960.0
9919044,430051.0,242644.0,145200.0
4286863,427644.0,229892.0,152000.0
25486383,434101.0,234095.0,139720.0
25488866,433164.0,233969.0,141480.0
4286579,434680.0,233586.0,140680.0
25488807,433666.0,234019.0,142320.0
25494319,431500.0,235190.0,139600.0
5067698,430639.0,235591.0,138840.0
9607906,433172.0,235482.0,136160.0
5073247,432194.0,235110.0,141440.0
5073099,433642.0,233974.0,142240.0
9942581,406387.0,241340.0,159800.0
1672279,435384.0,231754.0,140080.0
25591121,429545.0,234623.0,137680.0
25591050,428528.0,235334.0,137920.0
9942591,405849.0,241148.0,159800.0
1674848,434862.0,231800.0,140960.0
25591061,428554.0,235338.0,137760.0
25604146,439071.0,232484.0,141160.0
25603834,438869.0,232791.0,137200.0
25601689,435355.0,231655.0,138080.0
1672245,434900.0,231062.0,138160.0
9825460,439131.0,235560.0,137080.0
1672165,435453.0,231480.0,137800.0
10936894,428605.0,242899.0,146080.0
9972004,432085.0,240964.0,145320.0
25609298,431592.0,233223.0,151280.0
25608935,433065.0,233570.0,152280.0
25605241,438533.0,233083.0,138920.0
25611934,430962.0,234291.0,149840.0
25611920,430917.0,234143.0,149720.0
9942516,406463.0,241059.0,159400.0
4287127,431392.0,234205.0,150280.0
5116735,437673.0,232160.0,138520.0
25637468,412234.0,242171.0,150800.0
1663787,438962.0,233242.0,136680.0
15172195,419828.0,236439.0,151720.0
30421728,416909.0,240597.0,155720.0
25637539,409928.0,242240.0,151080.0
15171833,419857.0,240000.0,150320.0
15171896,419561.0,237832.0,150960.0
5116997,422387.0,248510.0,135920.0
25662506,428644.0,247612.0,135600.0
9775166,428905.0,246184.0,137680.0
25662727,432167.0,244450.0,137440.0
24883649,433117.0,233292.0,152200.0
25664911,431365.0,233534.0,152120.0
25667319,434683.0,233562.0,140720.0
4286565,433956.0,234047.0,139600.0
25669756,433528.0,233681.0,138880.0
25486217,434738.0,233918.0,139840.0
25173152,433542.0,234156.0,137200.0
13253527,432997.0,234186.0,138320.0
3715595,433262.0,234711.0,138360.0
1663863,430770.0,232845.0,138960.0
25672698,431451.0,235137.0,139520.0
25672202,431665.0,233593.0,138000.0
25672199,431683.0,233585.0,137960.0
10190673,435930.0,236260.0,136480.0
25675110,420933.0,243474.0,151920.0
25675282,420989.0,243309.0,151600.0
25697012,428433.0,245182.0,139600.0
25698367,433313.0,243002.0,135840.0
25675608,421952.0,244423.0,149600.0
15632018,435218.0,241251.0,143040.0
25700942,421167.0,245878.0,149160.0
25700931,421219.0,245886.0,149080.0
9970651,429456.0,241985.0,144480.0
9970824,428939.0,241199.0,143720.0
9955403,417670.0,243234.0,157200.0
9954813,417755.0,242341.0,155240.0
12409612,421665.0,245689.0,149080.0
9961811,420271.0,246538.0,148520.0
25706279,428772.0,243895.0,141520.0
9825530,439263.0,235488.0,137400.0
9825689,439312.0,236542.0,136920.0
25706328,429637.0,243692.0,140240.0
10057747,439342.0,237436.0,137000.0
9972835,430267.0,239656.0,141200.0
4287059,423315.0,233923.0,152840.0
4287057,423728.0,233802.0,153000.0
9974565,434034.0,240985.0,146320.0
9974527,434618.0,241118.0,146000.0
9973877,434600.0,241025.0,145160.0
10194656,431812.0,234393.0,145640.0
3618973,434788.0,231579.0,145360.0
9974813,435397.0,239693.0,144000.0
25770009,435223.0,231682.0,145240.0
25763995,436981.0,231287.0,139800.0
10190708,435829.0,235600.0,136600.0
9783893,435783.0,238360.0,135360.0
25795862,437477.0,240437.0,135720.0
25811554,413317.0,245169.0,148680.0
25849051,427989.0,241636.0,147760.0
25849038,427988.0,241644.0,147720.0
5073846,435558.0,234439.0,137240.0
25849707,426062.0,247129.0,138200.0
25850027,435346.0,235082.0,138320.0
10098218,435618.0,234834.0,137240.0
25850026,435326.0,235082.0,138280.0
9607103,435642.0,234214.0,136920.0
10625586,428720.0,242051.0,145840.0
9947927,411261.0,244600.0,156040.0
25882235,430366.0,236862.0,139000.0
5067672,430473.0,235747.0,138680.0
25882916,431181.0,236337.0,138200.0
25883400,430386.0,235562.0,138120.0
5068169,430348.0,236676.0,138880.0
5067539,431187.0,236333.0,138280.0
25887742,435051.0,235368.0,136120.0
25887488,433507.0,235819.0,134360.0
5067506,430614.0,235486.0,138440.0
10048126,431333.0,236695.0,138080.0
9970426,430189.0,239417.0,145160.0
5067645,430441.0,236155.0,138640.0
9970216,430064.0,240693.0,145240.0
9970405,429570.0,240055.0,144960.0
13517383,432074.0,241983.0,144480.0
25901010,432926.0,234312.0,141160.0
5073096,433407.0,233809.0,141920.0
25906372,415593.0,231541.0,151280.0
15829782,428817.0,249273.0,134120.0
12943179,438799.0,229524.0,138280.0
9953053,416441.0,242926.0,150640.0
17400141,412503.0,239752.0,158320.0
4384640,427207.0,236289.0,144960.0
1781586,429552.0,233338.0,143560.0
4846672,413739.0,232381.0,149920.0
15171953,419587.0,239182.0,150640.0
26039322,431193.0,231793.0,147320.0
24883482,430730.0,235067.0,149960.0
8897483,431792.0,229830.0,148840.0
10077448,436517.0,237611.0,141280.0
10205996,434843.0,238932.0,139760.0
9824525,435099.0,238960.0,139480.0
26045130,436086.0,235229.0,135680.0
9349387,437008.0,235499.0,135200.0
10077347,435508.0,238009.0,140520.0
10077335,436002.0,237713.0,140680.0
9824513,435058.0,239105.0,139320.0
9963149,422639.0,240797.0,151800.0
25356116,422408.0,240212.0,153920.0
26048894,423593.0,241258.0,151240.0
26049086,423462.0,242960.0,149280.0
26048702,421730.0,239229.0,150880.0
9973136,433503.0,240600.0,142440.0
26064553,432566.0,230972.0,138120.0
26064870,439300.0,239050.0,138320.0
4287150,431192.0,235900.0,150920.0
26067147,431112.0,236543.0,151440.0
9968234,426311.0,243348.0,145240.0
9605530,432210.0,231939.0,136480.0
12961950,437863.0,238551.0,141840.0
26176782,435897.0,240097.0,138680.0
26112664,424716.0,233668.0,148640.0
4286727,422830.0,234444.0,148520.0
10633058,434812.0,239688.0,137640.0
12957996,437794.0,238480.0,142360.0
26176778,435162.0,240153.0,137960.0
10633061,434515.0,239389.0,137800.0
26045215,436227.0,234841.0,135640.0
26273886,430699.0,238742.0,142640.0
26296782,436481.0,234927.0,135400.0
26273626,420105.0,246740.0,149080.0
9928125,421066.0,247052.0,149440.0
26274268,429424.0,242739.0,145360.0
9942060,405937.0,241587.0,158120.0
26274239,429272.0,242793.0,145280.0
9610744,436070.0,233887.0,136200.0
26273887,430714.0,238678.0,142600.0
26273854,430836.0,239937.0,142960.0
9928108,421579.0,245628.0,149120.0
26348740,431855.0,242902.0,139000.0
13254455,430582.0,243091.0,143080.0
13254319,431038.0,242712.0,143520.0
26348699,431807.0,242758.0,139200.0
10053775,430877.0,242435.0,139280.0
26348761,432791.0,243172.0,139680.0
9775420,426695.0,245874.0,136400.0
26349089,431855.0,242902.0,139040.0
26348752,432587.0,242940.0,139280.0
26349230,432679.0,243158.0,138640.0
26348697,431807.0,242758.0,139160.0
26348763,432989.0,243370.0,139680.0
26348598,432859.0,243334.0,138240.0
9834798,429065.0,241353.0,140560.0
3891614,432587.0,235688.0,135880.0
13253674,433290.0,234860.0,138840.0
9833661,425283.0,242595.0,139160.0
4286772,429352.0,232430.0,150600.0
26385220,434600.0,236548.0,135800.0
5073798,434569.0,236608.0,135840.0
5523027,423830.0,232083.0,157920.0
26392776,425955.0,229795.0,156440.0
9927816,425938.0,242729.0,148440.0
9968190,426894.0,242945.0,145440.0
9919139,430104.0,242185.0,146080.0
26113152,422819.0,233996.0,148960.0
26409086,429887.0,239922.0,145400.0
9968225,425873.0,242413.0,145240.0
9970253,429401.0,239396.0,145360.0
26409073,429867.0,239923.0,145320.0
9954541,417082.0,238239.0,152840.0
26339490,410993.0,242305.0,151560.0
26410089,430915.0,242172.0,145320.0
3623557,430346.0,234338.0,140960.0
26274503,425928.0,242730.0,148000.0
9928051,422194.0,242973.0,149280.0
9928049,422198.0,242969.0,149240.0
26041806,418707.0,244390.0,150520.0
9928048,422196.0,242971.0,149160.0
25918949,414231.0,242702.0,157200.0
25905059,415712.0,237274.0,153560.0
9927953,425096.0,242914.0,148800.0
9955885,415236.0,238614.0,157240.0
9919212,428545.0,242854.0,146800.0
9919191,428595.0,242895.0,146240.0
9919186,428596.0,242883.0,146160.0
9919179,428616.0,242945.0,145960.0
9919090,429339.0,242763.0,145680.0
25675987,421083.0,243532.0,149400.0
25675107,420881.0,243488.0,151880.0
25674205,420359.0,242205.0,148880.0
25905016,415698.0,237272.0,153760.0
25881269,411403.0,243589.0,154720.0
25851209,426191.0,241737.0,141280.0
25850144,435182.0,234936.0,138080.0
26361295,434646.0,233423.0,136880.0
26361291,434622.0,233355.0,136960.0
26360314,422670.0,244331.0,139600.0
25673847,415731.0,241787.0,153040.0
25606392,438933.0,233200.0,136720.0
25850061,434914.0,235120.0,138240.0
26349313,433047.0,243486.0,137840.0
26348991,432687.0,243118.0,138880.0
26298299,405876.0,241656.0,158160.0
25605988,436135.0,231752.0,138240.0
25904520,417074.0,238263.0,153120.0
26274323,428394.0,243425.0,144840.0
26274316,428380.0,243427.0,144760.0
26274278,428546.0,243441.0,145000.0
25590258,435355.0,240714.0,139200.0
25673303,432101.0,233509.0,137400.0
25672809,432002.0,235369.0,139120.0
25883036,430996.0,236354.0,138080.0
25882923,431316.0,236693.0,138200.0
25882892,431986.0,236067.0,138560.0
25710832,425362.0,232581.0,152520.0
25434521,438837.0,232791.0,137080.0
25434225,437929.0,229718.0,137680.0
25431560,433534.0,239905.0,145120.0
26212774,430614.0,244678.0,137400.0
26045258,436186.0,235178.0,135000.0
26045257,436174.0,235119.0,135040.0
26045135,436050.0,235371.0,135480.0
25905047,415704.0,237280.0,153720.0
25311273,432231.0,240581.0,135040.0
25309974,421922.0,244671.0,149240.0
25309940,421921.0,244671.0,149200.0
25309876,423462.0,242960.0,149320.0
25309813,423466.0,242964.0,149600.0
25309708,422890.0,243524.0,149840.0
25309649,423466.0,242964.0,149720.0
24883841,433712.0,233822.0,152680.0
25427625,427148.0,242939.0,138000.0
25427361,427582.0,242991.0,138800.0
25419707,439274.0,239010.0,137160.0
25419509,438676.0,237237.0,136280.0
25419499,438622.0,237247.0,136400.0
25260694,410697.0,240918.0,152880.0
24883832,433708.0,233888.0,152880.0
24883486,430508.0,234871.0,149800.0
25210381,408043.0,243985.0,151560.0
25208991,408551.0,242243.0,155120.0
25369699,442370.0,238361.0,137000.0
25369697,442368.0,238346.0,137040.0
25362666,438492.0,238164.0,139400.0
25356022,423042.0,241382.0,153480.0
24961800,435358.0,237541.0,142840.0
25098835,419866.0,234918.0,159920.0
25098814,419866.0,234953.0,159840.0
25355709,422301.0,240006.0,156240.0
21085844,428173.0,233622.0,149320.0
21085807,428186.0,233802.0,149160.0
20036731,428237.0,235721.0,139920.0
20036297,427175.0,236013.0,139840.0
18616528,429353.0,234431.0,138000.0
18616216,430239.0,234237.0,137720.0
17540829,406891.0,240949.0,157560.0
18013052,435214.0,231462.0,139480.0
17400204,412507.0,239874.0,158160.0
17400159,412526.0,239960.0,157840.0
17400010,413381.0,239526.0,159080.0
17399886,413355.0,239349.0,159560.0
17399874,413459.0,239538.0,159280.0
17399843,412857.0,239740.0,158760.0
17399831,413109.0,239836.0,158960.0
25175262,434888.0,233780.0,136600.0
16301759,437226.0,240524.0,139720.0
16443295,408291.0,237369.0,157960.0
25174448,437825.0,233582.0,137760.0
25174135,437703.0,233734.0,137360.0
25173927,437692.0,233787.0,137280.0
16303725,433718.0,234192.0,150760.0
16311013,439279.0,239014.0,137880.0
16310939,439276.0,239008.0,137120.0
15770357,429278.0,244255.0,146840.0
15766838,411002.0,242303.0,151600.0
15493685,422327.0,240500.0,155720.0
15493534,423059.0,241552.0,153640.0
15592120,425217.0,232220.0,154000.0
24231114,433105.0,233590.0,152400.0
15389269,419365.0,242367.0,149360.0
15389085,416398.0,242899.0,150680.0
15388963,416454.0,242624.0,150240.0
15385107,417645.0,243204.0,157120.0
15384605,411304.0,240012.0,152840.0
15171897,419540.0,237727.0,151000.0
15171887,419486.0,238722.0,150760.0
15171861,419661.0,239599.0,150520.0
15171854,419748.0,239690.0,150440.0
15171835,419763.0,239746.0,150360.0
15171823,419861.0,240310.0,150200.0
15171642,421047.0,243310.0,151480.0
15180185,427556.0,243301.0,145360.0
15180184,427560.0,243315.0,145400.0
15180181,427583.0,243289.0,145520.0
15173571,421746.0,239718.0,150680.0
15172210,420354.0,236277.0,151680.0
15172091,419742.0,236578.0,151680.0
15172026,419507.0,237364.0,151160.0
15241199,427615.0,232219.0,150840.0
15241054,430106.0,231872.0,150200.0
15390886,432237.0,232895.0,148440.0
14706187,424961.0,240502.0,148640.0
14977487,422190.0,242964.0,149320.0
15149691,406244.0,244426.0,159680.0
14610234,439559.0,234032.0,136200.0
14609437,439363.0,237910.0,136560.0
14469562,418642.0,247733.0,149360.0
14211941,425095.0,242922.0,148640.0
13538782,431049.0,241720.0,146400.0
13538778,431018.0,241704.0,146320.0
13903562,434812.0,239691.0,137600.0
12958729,435758.0,237944.0,143000.0
12958658,435417.0,237104.0,142320.0
12958364,435346.0,237131.0,142440.0
12958217,435907.0,237888.0,142720.0
12958212,435908.0,237890.0,142680.0
14947937,415218.0,231794.0,152000.0
12963594,433064.0,239718.0,140120.0
12963583,433260.0,239855.0,140360.0
12963467,434420.0,240093.0,140720.0
12963401,437348.0,240118.0,144000.0
12963379,437350.0,240127.0,144040.0
12963358,437363.0,240005.0,143680.0
12963331,437128.0,239955.0,143480.0
12963318,436959.0,239900.0,143320.0
12963305,436923.0,239910.0,143240.0
12963283,436918.0,239907.0,143120.0
12963274,437002.0,239988.0,142800.0
12963206,435212.0,241258.0,143320.0
12963092,437231.0,240533.0,138640.0
12962929,437230.0,240531.0,139000.0
13513696,435309.0,231587.0,139720.0
13513669,435081.0,231384.0,139240.0
13513609,435336.0,231971.0,138880.0
13503779,437822.0,240990.0,136800.0
13500077,439386.0,237930.0,146200.0
13500070,439342.0,237918.0,146160.0
13500069,439324.0,237921.0,146120.0
13491260,406464.0,243995.0,158040.0
12958197,436117.0,237955.0,142560.0
12958133,436226.0,237977.0,142520.0
12958010,436868.0,238177.0,142320.0
12958006,437149.0,238321.0,142160.0
12936703,433948.0,240343.0,141000.0
12962912,434533.0,242104.0,138960.0
12962898,434526.0,242095.0,139120.0
12962892,437233.0,240526.0,139160.0
12962829,437209.0,240552.0,140440.0
12962458,437224.0,240515.0,141440.0
12962446,437224.0,240516.0,141280.0
12962358,436907.0,240465.0,141960.0
12961485,437466.0,238633.0,142880.0
12961184,438504.0,235842.0,144520.0
12961151,438518.0,235840.0,144400.0
12961148,438528.0,235850.0,144360.0
12961078,439033.0,236301.0,144240.0
12959988,439092.0,237537.0,145800.0
12959970,439167.0,237432.0,145720.0
12959838,439177.0,237420.0,145680.0
12959823,439600.0,237296.0,145080.0
12959471,438811.0,237139.0,143240.0
12931089,437677.0,240640.0,135960.0
12931069,437671.0,240651.0,136000.0
12931059,437682.0,240666.0,136080.0
12930842,437400.0,240679.0,137520.0
13072805,439287.0,238994.0,135880.0
12935528,439302.0,239051.0,138400.0
12934407,434534.0,242103.0,138880.0
12933118,434485.0,241994.0,139280.0
13253875,434756.0,233870.0,139640.0
13253607,433245.0,235132.0,139120.0
13253600,433179.0,235114.0,139240.0
13253509,432904.0,234063.0,138240.0
13406819,415948.0,240060.0,156680.0
13406620,416964.0,240618.0,155680.0
13403450,422594.0,240948.0,154840.0
12930748,437341.0,240576.0,137880.0
12930683,437335.0,240586.0,137960.0
12930678,437244.0,240538.0,138360.0
12930569,439274.0,239010.0,136960.0
12861078,415581.0,240282.0,158920.0
12856272,405493.0,239552.0,160440.0
12856228,405558.0,239560.0,160320.0
12856215,405600.0,239578.0,160200.0
12856204,405589.0,239561.0,160160.0
12856154,405394.0,239475.0,160040.0
12839004,418448.0,244407.0,150800.0
12839000,418934.0,242708.0,150520.0
12837877,418414.0,242187.0,151840.0
12942937,437902.0,229686.0,137960.0
12942731,437971.0,231259.0,137640.0
12941891,438813.0,232557.0,137360.0
12938983,439285.0,239009.0,136240.0
12938309,434339.0,242118.0,142280.0
12938245,434052.0,242171.0,142320.0
10945764,430808.0,242062.0,142160.0
10939666,408826.0,237345.0,158160.0
10931476,434126.0,240204.0,141240.0
10927187,431306.0,236206.0,151160.0
10927055,431220.0,233221.0,148960.0
12422281,415007.0,238564.0,157480.0
12422246,414846.0,238508.0,157600.0
12422065,414292.0,238162.0,158480.0
12421801,414453.0,238101.0,159000.0
12419533,414345.0,238133.0,158560.0
12419376,414177.0,237300.0,158160.0
12412512,420907.0,243035.0,149400.0
12411811,416349.0,242359.0,149040.0
12409737,417001.0,245826.0,151600.0
12408084,411795.0,243929.0,154800.0
12407786,411005.0,242308.0,151320.0
12354706,408794.0,242381.0,154880.0
12069600,417435.0,237932.0,157600.0
12069571,417163.0,237956.0,157800.0
11149525,435358.0,240222.0,142920.0
11149373,436915.0,240316.0,142280.0
10921649,424814.0,242723.0,150200.0
10921632,424746.0,242368.0,149520.0
10921375,426029.0,242581.0,145400.0
10912352,422263.0,245282.0,149840.0
10911850,430424.0,243811.0,139920.0
10904073,409722.0,242146.0,153680.0
10902473,411004.0,242308.0,151840.0
10899480,425969.0,242936.0,139520.0
10899216,431475.0,244093.0,138480.0
10899030,431946.0,236108.0,138640.0
10089836,418159.0,242745.0,153000.0
10083368,428078.0,240609.0,142640.0
10083366,428096.0,240552.0,142680.0
10078272,438814.0,232035.0,144280.0
10077591,436305.0,238715.0,141520.0
10077526,436494.0,238729.0,141360.0
10077338,435848.0,237710.0,140600.0
11321108,436922.0,239983.0,142640.0
11314855,432916.0,238289.0,144920.0
11305293,424133.0,242297.0,150880.0
11305269,424462.0,242561.0,150520.0
11294473,433232.0,240006.0,145800.0
11291743,428073.0,242203.0,147640.0
11194901,410053.0,245197.0,152800.0
11174857,419367.0,242362.0,149200.0
10516061,408028.0,243982.0,151600.0
10515939,410432.0,242438.0,152920.0
10480417,415742.0,242435.0,153800.0
10484775,426125.0,236177.0,144400.0
10484719,430627.0,237374.0,139600.0
10516940,431578.0,232854.0,148440.0
10479251,430884.0,240282.0,141240.0
10205014,425286.0,241153.0,148560.0
10198612,422196.0,242961.0,149000.0
10195437,432847.0,234467.0,145320.0
10195380,432848.0,234469.0,145360.0
10195317,431667.0,235529.0,147600.0
10195258,431027.0,236569.0,148560.0
10195246,430968.0,236639.0,148720.0
10195162,430105.0,235860.0,148280.0
10195139,430220.0,235881.0,148200.0
10195121,430910.0,236491.0,148280.0
10177105,430656.0,235598.0,138920.0
10176897,433890.0,234043.0,139520.0
10173646,431221.0,234629.0,138960.0
10171324,433587.0,233908.0,142120.0
10206282,433480.0,233849.0,142000.0
10206256,433617.0,233928.0,142160.0
10200939,433329.0,234767.0,138120.0
10200542,428762.0,232920.0,144160.0
9974877,436109.0,239074.0,144800.0
9974867,435723.0,239239.0,144440.0
9974832,435477.0,239626.0,144360.0
9974828,435438.0,239654.0,144160.0
9974814,435161.0,239557.0,143760.0
9974812,435344.0,239944.0,143920.0
9974810,435302.0,240368.0,143760.0
9974626,435426.0,241147.0,146720.0
9974603,435253.0,241105.0,146440.0
9974601,435262.0,241061.0,146400.0
9974567,434111.0,240996.0,146360.0
9974556,434106.0,240985.0,146160.0
9974546,434615.0,241071.0,146120.0
9973044,429568.0,239734.0,140520.0
9972935,430007.0,239526.0,140800.0
9972928,430080.0,239580.0,140880.0
9972919,410093.0,245100.0,152520.0
9972914,430295.0,239667.0,140960.0
9972879,430521.0,239346.0,141320.0
9972816,430908.0,240225.0,141120.0
10194982,426165.0,243440.0,145120.0
9972670,431927.0,240990.0,141200.0
9972663,431917.0,241075.0,141360.0
9972631,430882.0,240295.0,141280.0
9972608,430880.0,240309.0,141320.0
9972576,431906.0,241086.0,141400.0
9972561,431356.0,240926.0,141480.0
9972504,431653.0,241898.0,141760.0
9972495,431589.0,241546.0,141760.0
9972443,430781.0,242129.0,141800.0
9972404,431538.0,241938.0,142000.0
9972270,430963.0,239906.0,142480.0
9972138,430835.0,239937.0,142920.0
9972119,430941.0,240265.0,142960.0
9972082,431114.0,240623.0,143160.0
9972081,431300.0,240799.0,143240.0
9971942,432124.0,240969.0,145240.0
9958293,415695.0,241731.0,152920.0
9958289,415715.0,241770.0,152960.0
9958281,416145.0,242295.0,153120.0
9958247,416501.0,242986.0,152960.0
9958190,416727.0,242413.0,152640.0
9958160,416847.0,242217.0,152520.0
9958058,416863.0,245866.0,151400.0
9958035,416762.0,246309.0,151040.0
9958019,417188.0,246140.0,151120.0
9958015,417584.0,245602.0,151120.0
9957996,417707.0,245492.0,151040.0
9957991,417758.0,245412.0,150960.0
9957820,418525.0,244465.0,150640.0
9957669,416816.0,241172.0,152640.0
9957442,418991.0,240531.0,155040.0
9957422,419223.0,240787.0,154760.0
9957331,414972.0,241133.0,157880.0
9957329,414946.0,241131.0,157840.0
9957249,414198.0,242430.0,157280.0
9957248,414192.0,242166.0,157280.0
9957225,414975.0,241179.0,157560.0
9957190,414437.0,241596.0,157760.0
9957056,414456.0,241627.0,157960.0
9956979,414992.0,241189.0,157520.0
9956822,414332.0,238355.0,158160.0
9956817,414393.0,238364.0,158080.0
9956792,415911.0,239565.0,157080.0
9956741,415587.0,240085.0,158120.0
9956457,415331.0,240251.0,159320.0
12348118,411061.0,243908.0,154920.0
10640814,408174.0,241790.0,155440.0
10640717,410716.0,240926.0,152920.0
10640690,410597.0,240862.0,152600.0
10633186,435388.0,239405.0,138200.0
10633166,435357.0,239582.0,138480.0
10633075,434813.0,239693.0,137560.0
10623737,422597.0,240949.0,155040.0
10623688,422324.0,240499.0,155840.0
10622776,425096.0,242916.0,148920.0
10622722,424836.0,242504.0,149720.0
10622682,424802.0,242718.0,150280.0
10622602,423182.0,241230.0,151400.0
10620613,415793.0,239604.0,156920.0
10620599,420126.0,246709.0,148800.0
10620545,416108.0,239611.0,157320.0
10620087,433171.0,239905.0,146160.0
10619808,436395.0,238781.0,145440.0
10617362,417784.0,240843.0,154800.0
10621005,429677.0,234171.0,145080.0
10620841,430813.0,232076.0,146280.0
9971941,432113.0,240964.0,145200.0
9971874,433256.0,242106.0,146520.0
9971842,432936.0,241928.0,145920.0
9971793,432835.0,242066.0,145400.0
9969759,428724.0,239854.0,150080.0
9969420,428422.0,239170.0,148880.0
9969419,428538.0,239238.0,148840.0
9968966,430780.0,240671.0,148320.0
9968752,429111.0,240153.0,148160.0
9968741,429509.0,240923.0,148280.0
9968570,425311.0,241583.0,144960.0
9968552,425375.0,241769.0,145080.0
9968402,425127.0,243549.0,144600.0
9968375,425844.0,243371.0,144760.0
9968355,425848.0,243455.0,144920.0
9968278,426473.0,242996.0,145240.0
9968214,426027.0,242572.0,145360.0
9968192,426790.0,242948.0,145400.0
9968166,427102.0,242925.0,145480.0
9968146,427338.0,242837.0,145520.0
9968038,428735.0,242740.0,147720.0
9967955,424773.0,241988.0,147200.0
9967949,424830.0,242044.0,147320.0
9967935,424840.0,242079.0,147360.0
9967934,424856.0,242142.0,147400.0
9967925,424899.0,242309.0,147520.0
9967834,425143.0,237954.0,149160.0
9967831,425055.0,237968.0,149000.0
9967829,425020.0,237999.0,148960.0
9967785,424917.0,238330.0,148800.0
9967727,424936.0,238743.0,148520.0
9967725,424969.0,238797.0,148480.0
9967555,425601.0,238287.0,147480.0
9967533,425577.0,238313.0,147560.0
9967532,425552.0,238323.0,147600.0
9967496,425351.0,238526.0,147920.0
9967343,425651.0,239651.0,147640.0
9967338,425615.0,239679.0,147680.0
9967219,425618.0,239753.0,147760.0
9967197,425882.0,239769.0,147960.0
9967095,424868.0,239371.0,148080.0
9966961,424595.0,238954.0,147960.0
9966788,425009.0,239122.0,148240.0
9966588,425221.0,240740.0,148120.0
9951102,425937.0,242704.0,148320.0
9951047,412748.0,244772.0,150120.0
10061554,421551.0,243677.0,150160.0
10061278,420979.0,243310.0,151640.0
10058034,440743.0,237560.0,139280.0
10048299,431717.0,239565.0,135440.0
10048298,407611.0,241248.0,156720.0
10044748,419876.0,242834.0,147240.0
10033358,438540.0,235261.0,137000.0
10033312,439275.0,239011.0,137520.0
10032974,428742.0,248443.0,135960.0
10029748,425928.0,242730.0,148120.0
10027150,428727.0,248797.0,134880.0
10025358,437949.0,241155.0,135120.0
10020182,436408.0,237896.0,140920.0
9974949,435445.0,239647.0,144200.0
9974904,436429.0,238763.0,145480.0
9974888,436212.0,238827.0,145000.0
10050263,412520.0,238180.0,151080.0
10068221,433290.0,234885.0,138880.0
10060239,431437.0,232941.0,148560.0
10060202,431229.0,233257.0,149000.0
10016427,431078.0,236251.0,151440.0
9961337,419776.0,243474.0,147280.0
9961215,419471.0,242667.0,147000.0
9961204,419828.0,242788.0,147200.0
9960909,420426.0,242986.0,147920.0
9960873,420591.0,243014.0,148120.0
9974526,434620.0,241126.0,145960.0
9974512,434637.0,241133.0,145720.0
9974497,434613.0,241200.0,145520.0
9974484,434640.0,241104.0,145240.0
9974469,433516.0,239105.0,147600.0
9974454,433541.0,239152.0,147320.0
9974450,433531.0,239221.0,147240.0
9974383,432996.0,238007.0,144720.0
9974374,418366.0,242106.0,152080.0
9974356,418441.0,242251.0,151440.0
9974310,432934.0,237841.0,145080.0
9974307,432910.0,238282.0,145040.0
9974283,433477.0,239559.0,146880.0
9974197,433188.0,240014.0,145920.0
9974192,417463.0,243908.0,149640.0
9974146,433162.0,239302.0,145280.0
9974109,433001.0,239317.0,145320.0
9974086,432390.0,239337.0,145280.0
9974011,433536.0,239908.0,144960.0
9973840,434528.0,240985.0,144920.0
9973795,434621.0,241252.0,144520.0
9973753,432782.0,239644.0,142920.0
9973514,433141.0,239687.0,142840.0
9973476,432907.0,239769.0,142720.0
9973433,432918.0,239075.0,141440.0
9973406,432928.0,239371.0,141760.0
9960864,420676.0,243016.0,148360.0
9960549,419780.0,240750.0,149880.0
9960507,419440.0,240549.0,149640.0
9960423,419668.0,241020.0,149680.0
9958707,420264.0,242513.0,150520.0
9958606,414790.0,242965.0,155040.0
9958604,414797.0,242957.0,154960.0
9958587,415261.0,242825.0,154680.0
9958562,415299.0,242802.0,154520.0
9958435,415883.0,242276.0,153600.0
9958434,415915.0,242292.0,153560.0
9955693,416317.0,240155.0,156160.0
9955559,417741.0,240666.0,155200.0
9955495,418428.0,240685.0,154920.0
9955424,417716.0,243257.0,157280.0
9955373,417509.0,243142.0,156840.0
9955331,417603.0,243131.0,157000.0
9955309,417088.0,242841.0,156360.0
9955134,417352.0,242458.0,155520.0
9954810,417647.0,242132.0,155240.0
9954723,417756.0,241822.0,154920.0
9954670,417724.0,241611.0,154760.0
9954494,416480.0,238492.0,153240.0
9954336,416262.0,238024.0,153800.0
9954274,416137.0,238280.0,153680.0
9954273,416181.0,238288.0,153640.0
9954269,416305.0,238832.0,153560.0
9954235,416414.0,239030.0,153560.0
9954214,417148.0,239598.0,153920.0
9954209,417153.0,239598.0,153960.0
9954140,417734.0,241617.0,154640.0
9954057,417387.0,239675.0,154080.0
9954047,417960.0,240370.0,154320.0
9954026,417908.0,240362.0,154240.0
9953916,417827.0,241852.0,153600.0
9953873,417842.0,241871.0,153560.0
9953848,417905.0,241893.0,153440.0
9953756,418058.0,242101.0,152800.0
9953720,416937.0,241978.0,152320.0
9953681,418977.0,242136.0,152280.0
9953610,416875.0,242133.0,152440.0
9953576,418171.0,242140.0,152200.0
9953552,418410.0,242174.0,151880.0
9953537,418492.0,242274.0,151320.0
9953446,418899.0,242673.0,150560.0
9953439,419084.0,243912.0,150480.0
9953436,419086.0,243192.0,150520.0
9953410,419121.0,242837.0,150320.0
9953310,418485.0,240717.0,148200.0
9953263,418277.0,241608.0,148360.0
9953108,417335.0,244216.0,149200.0
9953105,417340.0,244164.0,149280.0
9953046,416553.0,243002.0,150520.0
9952974,416288.0,242409.0,150000.0
9952352,435364.0,240231.0,142880.0
9952312,414590.0,239736.0,145640.0
9952300,414638.0,239845.0,145720.0
9952188,415766.0,239973.0,146600.0
9952165,415389.0,239991.0,146720.0
9952111,415279.0,238435.0,146360.0
9966053,422024.0,242215.0,153800.0
9965839,421678.0,239546.0,156000.0
9965612,420401.0,238005.0,157080.0
9965565,420666.0,238618.0,156920.0
9965540,421131.0,239100.0,156880.0
9965494,420749.0,238595.0,156680.0
9965437,421902.0,239442.0,156680.0
9965429,421210.0,239068.0,156800.0
9965416,421913.0,239447.0,156640.0
9965374,422228.0,239880.0,156320.0
9965345,422336.0,240116.0,156160.0
9965314,421649.0,239699.0,155840.0
9965247,422589.0,241504.0,155280.0
9965209,422360.0,240309.0,154640.0
9965090,422959.0,241124.0,153880.0
9965084,422934.0,241132.0,153800.0
9965056,422454.0,242008.0,153680.0
9964971,423421.0,241684.0,152960.0
9964848,425522.0,241438.0,153600.0
9964839,425462.0,241378.0,153400.0
9964820,425166.0,241474.0,152960.0
9964009,424902.0,240690.0,152960.0
9963985,425307.0,240458.0,152680.0
9963976,424932.0,240460.0,152720.0
9963952,424789.0,240892.0,152720.0
9963907,424774.0,241292.0,152720.0
9963905,424774.0,241311.0,152600.0
9963819,423871.0,241708.0,152280.0
9963811,423879.0,241756.0,152040.0
9963752,423894.0,241833.0,151960.0
9963651,424254.0,240942.0,150880.0
9963619,424211.0,240922.0,150920.0
9963506,421934.0,240539.0,151760.0
9963288,422236.0,240413.0,151120.0
9963246,422337.0,240473.0,151280.0
9963146,422612.0,240834.0,151720.0
9963101,423186.0,241233.0,151480.0
9963034,423802.0,241924.0,151320.0
9962857,420817.0,242858.0,152240.0
9948406,409931.0,245385.0,152880.0
9948327,410183.0,244696.0,152600.0
9948210,411397.0,243103.0,155240.0
9948038,411355.0,243236.0,155440.0
9947925,411297.0,244619.0,155960.0
9947920,411394.0,244625.0,155880.0
9947887,411337.0,244684.0,155640.0
9947868,411338.0,244900.0,155760.0
9947831,411308.0,244547.0,155320.0
9947770,411437.0,244950.0,155160.0
9947743,411351.0,244549.0,155120.0
9947475,410936.0,243229.0,154200.0
9947383,407401.0,244156.0,155000.0
9947330,407117.0,244063.0,154280.0
9947296,408752.0,242652.0,155880.0
9947248,408176.0,241797.0,155640.0
9947010,407148.0,244157.0,157720.0
9946932,406244.0,243795.0,160200.0
9946928,406269.0,243800.0,160120.0
9932534,407636.0,243635.0,149760.0
9937470,405726.0,233737.0,158280.0
9928666,412216.0,242149.0,151000.0
9928466,425096.0,242917.0,148720.0
9928452,425447.0,241421.0,148360.0
9928379,410508.0,243954.0,149520.0
9928302,416432.0,242386.0,149640.0
9833493,426605.0,242969.0,139880.0
9833429,426432.0,242695.0,141240.0
9833396,424407.0,241528.0,141840.0
9833377,424597.0,241473.0,141680.0
9833317,425483.0,241543.0,141200.0
9833232,426224.0,241745.0,141040.0
9832832,428905.0,243623.0,140280.0
9830311,426719.0,242944.0,140200.0
9830300,428905.0,243600.0,140240.0
9830145,428437.0,243465.0,139840.0
9827125,432828.0,241531.0,139640.0
9826901,435044.0,240191.0,138400.0
9826899,435047.0,240192.0,138440.0
9826724,437549.0,237136.0,137480.0
9826534,437777.0,237275.0,136960.0
9826492,438160.0,237202.0,136680.0
9826400,439287.0,237723.0,137520.0
9826128,439623.0,237420.0,138080.0
9826118,439569.0,237392.0,137960.0
9825933,438562.0,237738.0,137400.0
9825098,439373.0,237744.0,137720.0
9825048,438685.0,238009.0,137280.0
9824527,435103.0,238962.0,139520.0
9824466,435268.0,239865.0,138960.0
9824122,431086.0,243762.0,139480.0
9823958,431832.0,244265.0,137920.0
9825795,439293.0,236520.0,137280.0
9825686,439336.0,236556.0,136880.0
9825625,438692.0,235765.0,138320.0
9825619,438703.0,235769.0,138200.0
9825601,439204.0,235457.0,137720.0
9825472,439128.0,235559.0,137120.0
9825458,439191.0,235566.0,137040.0
9956443,415542.0,240261.0,159000.0
9956424,415612.0,240219.0,158680.0
9956417,415651.0,240106.0,158320.0
9956402,415668.0,240049.0,158000.0
9956372,417083.0,237906.0,158040.0
9956307,417571.0,237898.0,157720.0
9956169,415782.0,237745.0,156720.0
9956144,415082.0,237308.0,157080.0
9955986,414122.0,236937.0,158360.0
9955959,414340.0,237939.0,159360.0
9955941,414437.0,238090.0,158840.0
9955916,414053.0,237525.0,158240.0
9955912,414051.0,237625.0,158320.0
9955870,415369.0,238276.0,157040.0
9955772,416016.0,239594.0,157120.0
9962844,420788.0,242864.0,152080.0
9962756,421066.0,243330.0,151440.0
9962573,421342.0,243500.0,150880.0
9962569,421378.0,243514.0,150840.0
9962564,421385.0,243507.0,150800.0
9962551,421624.0,243591.0,150560.0
9962538,421778.0,243672.0,150400.0
9962321,422796.0,246493.0,148880.0
9962303,422664.0,246354.0,149040.0
9962232,420978.0,246035.0,150240.0
9962215,420893.0,245959.0,150080.0
9962168,420647.0,245779.0,149800.0
9962126,420429.0,245546.0,149520.0
9961975,417658.0,248363.0,150000.0
9961964,417887.0,248302.0,149880.0
9961887,420597.0,245667.0,147560.0
9961886,420610.0,245661.0,147640.0
9961878,420715.0,245809.0,147840.0
9961824,420508.0,246455.0,148280.0
9961712,420221.0,246586.0,148560.0
9961600,420991.0,245649.0,149520.0
9961492,421046.0,247017.0,149360.0
9961361,419851.0,243683.0,147080.0
9961347,419776.0,243474.0,147240.0
9952076,415311.0,237888.0,146280.0
9952067,415313.0,238371.0,146200.0
9952065,415297.0,238132.0,146280.0
9952064,415297.0,238372.0,146280.0
9951999,415013.0,239228.0,147040.0
9951550,413358.0,245494.0,149520.0
9951547,413335.0,245499.0,149440.0
9951420,411359.0,244999.0,148040.0
9951384,411875.0,244403.0,147600.0
9952814,416573.0,242511.0,149760.0
9936923,406739.0,239867.0,157680.0
9936900,407101.0,239755.0,157280.0
9936843,407018.0,240974.0,157400.0
9936793,407228.0,240919.0,157120.0
9936748,407749.0,242061.0,156600.0
9936712,407720.0,241548.0,156480.0
9935479,408444.0,242120.0,155320.0
9935476,408443.0,242117.0,155280.0
9935471,408584.0,242272.0,155080.0
9935466,408730.0,242355.0,154960.0
9935419,407299.0,244179.0,154480.0
9935366,409894.0,242253.0,154400.0
9935364,409236.0,242475.0,154480.0
9935360,409330.0,242483.0,154360.0
9935335,410900.0,243019.0,153720.0
9935333,409791.0,242550.0,153840.0
9935289,410291.0,242459.0,153280.0
9935242,410417.0,241330.0,152520.0
9935212,411261.0,240176.0,152640.0
9935201,410670.0,240899.0,152800.0
9935146,410571.0,242416.0,152560.0
9935093,410657.0,242405.0,152400.0
9935081,410893.0,243435.0,152160.0
9935056,410521.0,243640.0,152000.0
9935051,410995.0,243524.0,152240.0
9933231,411003.0,242308.0,151360.0
9940612,409156.0,236982.0,158960.0
9940496,408828.0,237336.0,158200.0
9940401,409045.0,235503.0,159680.0
9938999,405187.0,239355.0,160200.0
9938763,405337.0,239282.0,159720.0
9938728,405906.0,239342.0,158960.0
9928164,417983.0,242157.0,148920.0
9928083,420907.0,245607.0,149560.0
9919204,428603.0,242909.0,146640.0
9919154,429384.0,240944.0,146520.0
9918988,430810.0,242083.0,145400.0
9918684,432899.0,242004.0,143720.0
9918642,433722.0,241957.0,143240.0
9918133,433470.0,241775.0,140400.0
9783863,437817.0,241017.0,135440.0
9942919,406412.0,241260.0,160920.0
9942836,405978.0,241509.0,160960.0
9942762,406154.0,241437.0,160400.0
9942714,406176.0,241420.0,160360.0
9942651,406320.0,241292.0,159960.0
9942607,406287.0,241301.0,160000.0
9942521,406424.0,241060.0,159440.0
9942435,406550.0,241011.0,159280.0
9942434,406548.0,240970.0,159160.0
9942394,406507.0,241006.0,158840.0
9942345,406794.0,241084.0,158560.0
9942320,406684.0,241149.0,158800.0
9942213,405621.0,242199.0,158840.0
9942133,405454.0,242044.0,158440.0
9942024,406224.0,241347.0,157920.0
9940852,408363.0,237746.0,159080.0
9940848,408418.0,237686.0,159000.0
9716138,429547.0,234192.0,144840.0
9716131,429675.0,234172.0,145000.0
9835177,430585.0,243203.0,140680.0
9612047,434318.0,234613.0,135640.0
9607214,435832.0,233941.0,137200.0
9607907,433154.0,235502.0,136120.0
9293271,437735.0,232310.0,138640.0
9293218,436745.0,234382.0,138680.0
9600768,428194.0,236830.0,137240.0
7602972,437149.0,230638.0,145800.0
7602155,437141.0,230584.0,145720.0
7600971,437322.0,229724.0,144360.0
7598455,436946.0,230418.0,143240.0
7596824,435859.0,229967.0,142200.0
5073773,434658.0,236329.0,135200.0
9950272,428067.0,242199.0,147680.0
9949711,412907.0,241323.0,151400.0
9949707,412898.0,241356.0,151280.0
9949698,412745.0,241769.0,151160.0
9946797,406176.0,244490.0,160800.0
9946755,406304.0,244552.0,160560.0
9946740,406360.0,244640.0,160120.0
9946693,406324.0,244039.0,159880.0
9946675,406214.0,244432.0,159600.0
9944036,406254.0,244398.0,159040.0
9943991,406256.0,244319.0,158720.0
9943982,406251.0,244240.0,158600.0
9943944,406424.0,243991.0,158080.0
9943787,405438.0,243428.0,157680.0
9943694,406021.0,243437.0,157320.0
9943295,407198.0,243140.0,157200.0
9943123,408957.0,240387.0,156880.0
9943120,408988.0,240413.0,156840.0
9943012,405719.0,241084.0,160000.0
9943005,405729.0,241118.0,159920.0
9775150,430323.0,245802.0,137440.0
9835141,429874.0,243002.0,138960.0
9835012,429440.0,241880.0,139840.0
9834989,428373.0,241461.0,140000.0
9834971,428367.0,241471.0,140120.0
9834500,428167.0,244285.0,142000.0
9834228,427004.0,244411.0,139960.0
9834172,423623.0,242382.0,139360.0
9833643,425957.0,242874.0,139440.0
9833598,425571.0,242632.0,139880.0
9833580,425974.0,242986.0,139640.0
9833569,425972.0,242984.0,139600.0
5005484,436090.0,229366.0,140360.0
5117086,435412.0,239879.0,140760.0
5116786,437758.0,232388.0,138680.0
5116723,437644.0,231579.0,138240.0
5072912,431902.0,233496.0,139920.0
5072870,430760.0,232837.0,139200.0
3605526,436898.0,231530.0,137160.0
3503731,435204.0,231451.0,139440.0
1804999,435310.0,231905.0,138680.0
9971932,432112.0,240956.0,145160.0
9826396,439323.0,237731.0,137560.0
9775224,427792.0,245399.0,137200.0
26828581,426951.0,243739.0,146800.0
26829643,427447.0,242486.0,148160.0
9589946,436711.0,235796.0,134720.0
8872625,427033.0,234721.0,153160.0
8872455,431470.0,233600.0,151080.0
8871311,431083.0,232329.0,141800.0
8870753,432025.0,232783.0,143360.0
8870700,432127.0,232867.0,143480.0
9183769,423732.0,232183.0,158080.0
7605841,436566.0,231376.0,142880.0
7605399,437228.0,230048.0,144960.0
4474190,439089.0,232390.0,140920.0
4474168,438367.0,232633.0,138400.0
4411045,423780.0,235410.0,153800.0
5005415,439110.0,231166.0,140480.0
4286975,421509.0,232868.0,158160.0
4286970,421860.0,232488.0,157600.0
4286967,421361.0,231813.0,157000.0
4286964,421600.0,231984.0,157240.0
4286952,423500.0,231928.0,157000.0
4286951,423593.0,231727.0,156760.0
4286942,424403.0,231469.0,156160.0
4286936,425106.0,231495.0,155320.0
4286919,425324.0,232345.0,153760.0
4286915,425428.0,232284.0,153600.0
4286871,425847.0,230312.0,152400.0
1674889,435061.0,231759.0,141600.0
1674881,435070.0,231710.0,141480.0
1674854,434636.0,232046.0,141160.0
1674852,434670.0,231992.0,141080.0
1672418,436133.0,233156.0,137840.0
1672415,436127.0,233125.0,137760.0
1672392,436546.0,232934.0,137320.0
1672387,436641.0,232940.0,137160.0
1672305,435608.0,232315.0,140640.0
1672302,435559.0,232254.0,140560.0
1672300,435197.0,231838.0,140560.0
1672287,435309.0,231821.0,140320.0
1672286,435327.0,231819.0,140280.0
9833428,426451.0,242574.0,141200.0
9956370,417090.0,237881.0,158000.0
9948033,411398.0,243109.0,155200.0
26721773,411349.0,243427.0,154640.0
9947980,410771.0,244111.0,155240.0
26741184,430524.0,243320.0,144960.0
10195406,433726.0,234442.0,145320.0
10195518,431956.0,234547.0,145120.0
10077641,436054.0,238778.0,141840.0
26780282,434582.0,235792.0,137080.0
9968199,426497.0,242983.0,145320.0
26782207,433188.0,241569.0,144720.0
26782205,433154.0,241549.0,144680.0
26782243,433148.0,241547.0,144640.0
26782203,432900.0,241722.0,144640.0
9826126,439573.0,237394.0,138040.0
26826234,439622.0,237028.0,136800.0
25291109,427009.0,242438.0,147080.0
26829272,426939.0,242672.0,147560.0
26829574,427447.0,242500.0,148200.0
26833017,407354.0,240901.0,157040.0
5513444,413417.0,232342.0,150800.0
9948880,413767.0,238106.0,150880.0
26868331,433017.0,243458.0,140040.0
25904655,416083.0,237815.0,153600.0
15770513,429936.0,244527.0,147280.0
13166490,435792.0,241043.0,144480.0
13166407,435572.0,241091.0,144080.0
9960794,418820.0,240800.0,148400.0
13512038,432556.0,240622.0,135800.0
26364969,424131.0,232364.0,151280.0
26364958,424165.0,232382.0,151000.0
26364944,424059.0,232546.0,150800.0
26361701,433048.0,233934.0,150920.0
26361221,433650.0,234312.0,136720.0
12967600,432100.0,233121.0,137960.0
10195119,430821.0,236522.0,148160.0
10195014,430637.0,235906.0,148040.0
10194957,430803.0,235739.0,147720.0
10194930,430693.0,235564.0,147360.0
10194883,430327.0,235605.0,147040.0
10194872,430358.0,235546.0,146920.0
10194830,430432.0,235473.0,146720.0
10194783,430459.0,235381.0,146360.0
10194756,430472.0,235095.0,145960.0
10194660,431829.0,234371.0,145680.0
10194602,430336.0,234451.0,145280.0
10194519,430220.0,234678.0,144760.0
10194517,430230.0,234691.0,144800.0
10194509,430254.0,234321.0,145120.0
5073376,432230.0,234174.0,140760.0
5073355,432452.0,234271.0,140960.0
5073039,433202.0,233880.0,141600.0
5072942,432246.0,233964.0,140560.0
5072925,432122.0,234183.0,140480.0
5072917,431994.0,233774.0,140200.0
4287042,426588.0,231622.0,155320.0
4287039,426174.0,231614.0,155200.0
4287022,425721.0,230728.0,155840.0
5524585,426021.0,235549.0,153160.0
5524572,427026.0,234652.0,153040.0
5524556,427747.0,233733.0,152480.0
5524547,427679.0,233729.0,152360.0
5524343,427666.0,229882.0,152040.0
5524130,425656.0,229962.0,152760.0
5523939,426945.0,232170.0,151520.0
5523919,426531.0,232128.0,151880.0
5523505,424285.0,233737.0,152840.0
5523425,426070.0,232178.0,152720.0
5523007,423694.0,232221.0,158240.0
5522976,423783.0,232327.0,158400.0
5522944,423917.0,232591.0,158760.0
5522846,424082.0,232828.0,159040.0
10194404,428636.0,234166.0,145080.0
5522777,424144.0,232836.0,159160.0
4286984,421143.0,232662.0,158440.0
4286980,421170.0,233065.0,158320.0
4286934,425277.0,231572.0,155160.0
4286930,425314.0,231715.0,154800.0
4286866,426488.0,230807.0,152040.0
4286856,427574.0,233174.0,151920.0
4286820,425566.0,232035.0,151600.0
25101214,426607.0,231281.0,151800.0
10194410,428619.0,234168.0,145160.0
9972442,430800.0,242148.0,141840.0
10191823,430812.0,242064.0,142120.0
26948042,431843.0,233895.0,135720.0
26955151,439524.0,236440.0,136600.0
4287066,424184.0,234636.0,153240.0
4287062,423154.0,233867.0,152720.0
4287060,423257.0,233931.0,152800.0
4286804,427595.0,234480.0,148720.0
4286803,427641.0,234410.0,148800.0
3925371,431232.0,231537.0,142880.0
3891617,432571.0,235728.0,135800.0
3719061,432974.0,235465.0,136320.0
3714175,428640.0,235771.0,140280.0
3665786,429583.0,234048.0,144480.0
3665780,429000.0,233165.0,143640.0
26364433,439881.0,235112.0,136400.0
5067821,430579.0,237337.0,139480.0
26828546,426861.0,243443.0,147120.0
26828561,426911.0,243607.0,146960.0
26839133,419211.0,240730.0,154840.0
9957394,419206.0,240581.0,154880.0
4286547,433023.0,236097.0,137160.0
26833832,413427.0,238052.0,151160.0
10050304,412627.0,238238.0,150760.0
25432253,431269.0,234546.0,145560.0
25105670,433195.0,231243.0,147320.0
25101314,426824.0,231379.0,151400.0
9289755,412720.0,233859.0,153440.0
9289535,411534.0,233912.0,153440.0
9253653,423588.0,235513.0,153960.0
9239126,428786.0,231828.0,148720.0
9239021,428506.0,231757.0,149560.0
9214267,425320.0,231713.0,154880.0
9185047,423830.0,232062.0,157840.0
26064369,432708.0,230473.0,138640.0
26038708,432219.0,230401.0,148480.0
25031538,432700.0,231626.0,146000.0
12959169,438232.0,237887.0,142520.0
9965837,421659.0,239594.0,155960.0
26917661,426463.0,231626.0,155200.0
26924284,435353.0,240212.0,142960.0
3619369,434372.0,230640.0,137680.0
26927612,438463.0,235232.0,136920.0
4286868,426086.0,230650.0,152120.0
10195320,431667.0,235510.0,147520.0
26951865,421578.0,232756.0,157480.0
9595209,428820.0,234971.0,153920.0
9928658,412313.0,242235.0,150640.0
26970821,433708.0,233852.0,152760.0
11307062,425095.0,242922.0,148840.0
24624692,433578.0,230874.0,148800.0
25673493,435719.0,236570.0,136200.0
12536157,422501.0,240732.0,155240.0
12534866,421865.0,239431.0,156760.0
9942832,405980.0,241492.0,160920.0
9935424,407771.0,244033.0,154480.0
9957676,416882.0,240980.0,152480.0
9953619,416823.0,241376.0,152360.0
14955948,412706.0,233885.0,153400.0
26875179,434142.0,240503.0,145160.0
5506348,412458.0,231360.0,149280.0
5081326,432764.0,233400.0,137200.0
5080205,433170.0,233939.0,141520.0
14429979,413078.0,233940.0,148920.0
12968422,433328.0,230953.0,139080.0
12968292,433304.0,230949.0,139040.0
12968262,432933.0,230987.0,138920.0
12967788,430238.0,234234.0,137840.0
12967757,430480.0,234899.0,138120.0
3619366,434334.0,230595.0,137760.0
26927593,438577.0,235275.0,137040.0
26947936,432047.0,234880.0,135680.0
4577129,436835.0,234213.0,138560.0
26948146,436098.0,234030.0,138880.0
26948413,436092.0,234072.0,138680.0
26948445,435737.0,233765.0,138600.0
26948459,435737.0,233765.0,138640.0
26948510,435982.0,234540.0,138600.0
26956003,416776.0,246264.0,151200.0
9919102,427528.0,242883.0,145640.0
26979329,435356.0,239728.0,143920.0
26984811,429203.0,244300.0,146720.0
26998161,425966.0,242988.0,139760.0
26981955,434520.0,242085.0,139240.0
9958244,416489.0,242976.0,152880.0
26994520,435312.0,240524.0,146040.0
9775401,426698.0,245872.0,136440.0
4576481,436840.0,234202.0,138520.0
27043325,411438.0,244949.0,155120.0
9954107,417996.0,240370.0,154360.0
17415613,431717.0,241241.0,139520.0
17415517,431765.0,241239.0,139320.0
17415440,432506.0,241457.0,138800.0
17415393,432431.0,241452.0,138880.0
17415273,429405.0,242520.0,140200.0
17101825,425214.0,234207.0,149360.0
